Tick,Pop,Price,Inventory
1,50,0.0,742.5625251482553
2,60,0.75,80.87755097052478
3,80,0.7540473378757342,135.13498484367045
4,100,0.7465690965058919,138.97092937165428
5,120,0.7293396640255329,142.8957273633838
6,130,0.7054614047267715,90.4345396690083
7,140,0.6938478069283631,92.96358014015081
8,150,0.6840248828337221,95.55101925104358
9,160,0.6755075651276703,98.19814265738344
10,170,0.6679102222225468,100.90626260250788
11,180,0.660962132189075,103.67671847982528
12,190,0.6543872475837513,106.51087740553498
13,200,0.6479145119391577,109.41013480191228
14,210,0.6412933971256517,112.37591499143323
15,220,0.6343006605202088,115.40967180201446
16,230,0.6267450315386566,118.51288918364315
17,240,0.6184709373634203,121.68708183667503
18,250,0.6093613841615421,124.93379585207784
19,260,0.599339832506283,0
20,270,0.599339832506283,0
21,280,0.599339832506283,0
22,290,0.599339832506283,0
23,300,0.599339832506283,0
24,310,0.599339832506283,0
25,320,0.599339832506283,0
26,330,0.599339832506283,0
27,340,0.599339832506283,0
28,350,0.599339832506283,0
29,360,0.599339832506283,0
30,370,0.599339832506283,0
31,380,0.599339832506283,0
32,390,0.599339832506283,0
33,400,0.599339832506283,0
34,410,0.599339832506283,0
35,420,0.599339832506283,0
36,430,0.599339832506283,0
37,440,0.599339832506283,0
38,450,0.599339832506283,0
39,460,0.599339832506283,0
40,470,0.599339832506283,0
41,480,0.599339832506283,0
42,490,0.599339832506283,0
43,500,0.599339832506283,0
44,510,0.599339832506283,0
45,520,0.599339832506283,0
46,530,0.599339832506283,0
47,540,0.599339832506283,0
48,550,0.599339832506283,0
49,560,0.599339832506283,0
50,570,0.599339832506283,0
51,580,0.599339832506283,0
52,590,0.599339832506283,0
53,600,0.599339832506283,0
54,610,0.599339832506283,0
55,620,0.599339832506283,0
56,630,0.599339832506283,0
57,640,0.599339832506283,0
58,650,0.599339832506283,0
59,660,0.599339832506283,0
60,670,0.599339832506283,0
61,680,0.599339832506283,0
62,690,0.599339832506283,0
63,700,0.599339832506283,0
64,710,0.599339832506283,0
65,720,0.599339832506283,0
66,730,0.599339832506283,0
67,740,0.599339832506283,0
68,750,0.599339832506283,0
69,760,0.599339832506283,0
70,770,0.599339832506283,0
71,780,0.599339832506283,0
72,790,0.599339832506283,0
73,800,0.599339832506283,0
74,810,0.599339832506283,0
75,820,0.599339832506283,0
76,830,0.599339832506283,0
77,840,0.599339832506283,0
78,850,0.599339832506283,0
79,860,0.599339832506283,0
80,870,0.599339832506283,0
81,880,0.599339832506283,0
82,890,0.599339832506283,0
83,900,0.599339832506283,0
84,910,0.599339832506283,0
85,920,0.599339832506283,0
86,930,0.599339832506283,0
87,940,0.599339832506283,0
88,950,0.599339832506283,0
89,960,0.599339832506283,0
90,970,0.599339832506283,0
91,980,0.599339832506283,0
92,990,0.599339832506283,0
93,1000,0.599339832506283,0
94,1010,0.599339832506283,0
95,1020,0.599339832506283,0
96,1030,0.599339832506283,0
97,1040,0.599339832506283,0
98,1050,0.599339832506283,0
99,1060,0.599339832506283,0
100,1070,0.599339832506283,0
101,1080,0.599339832506283,0
102,1090,0.599339832506283,0
103,1100,0.599339832506283,0
104,1110,0.599339832506283,0
105,1120,0.599339832506283,0
106,1130,0.599339832506283,0
107,1140,0.599339832506283,0
108,1150,0.599339832506283,0
109,1160,0.599339832506283,0
110,1170,0.599339832506283,0
111,1180,0.599339832506283,0
112,1190,0.599339832506283,0
113,1200,0.599339832506283,0
114,1210,0.599339832506283,0
115,1220,0.599339832506283,0
116,1230,0.599339832506283,0
117,1240,0.599339832506283,0
118,1250,0.599339832506283,0
119,1260,0.599339832506283,0
120,1270,0.599339832506283,0
121,1280,0.599339832506283,0
122,1290,0.599339832506283,0
123,1300,0.599339832506283,0
124,1310,0.599339832506283,0
125,1320,0.599339832506283,0
126,1330,0.599339832506283,0
127,1340,0.599339832506283,0
128,1350,0.599339832506283,0
129,1360,0.599339832506283,0
130,1370,0.599339832506283,0
131,1380,0.599339832506283,0
132,1390,0.599339832506283,0
133,1400,0.599339832506283,0
134,1410,0.599339832506283,0
135,1420,0.599339832506283,0
136,1430,0.599339832506283,0
137,1440,0.599339832506283,0
138,1450,0.599339832506283,0
139,1460,0.599339832506283,0
140,1470,0.599339832506283,0
141,1480,0.599339832506283,0
142,1490,0.599339832506283,0
143,1500,0.599339832506283,0
144,1510,0.599339832506283,0
145,1520,0.599339832506283,0
146,1530,0.599339832506283,0
147,1540,0.599339832506283,0
148,1550,0.599339832506283,0
149,1560,0.599339832506283,0
150,1570,0.599339832506283,0
151,1580,0.599339832506283,0
152,1590,0.599339832506283,0
153,1600,0.599339832506283,0
154,1610,0.599339832506283,0
155,1620,0.599339832506283,0
156,1630,0.599339832506283,0
157,1640,0.599339832506283,0
158,1650,0.599339832506283,0
159,1660,0.599339832506283,0
160,1670,0.599339832506283,0
161,1680,0.599339832506283,0
162,1690,0.599339832506283,0
163,1700,0.599339832506283,0
164,1710,0.599339832506283,0
165,1720,0.599339832506283,0
166,1730,0.599339832506283,0
167,1740,0.599339832506283,0
168,1750,0.599339832506283,0
169,1760,0.599339832506283,0
170,1770,0.599339832506283,0
171,1780,0.599339832506283,0
172,1790,0.599339832506283,0
173,1800,0.599339832506283,0
174,1810,0.599339832506283,0
175,1820,0.599339832506283,0
176,1830,0.599339832506283,0
177,1840,0.599339832506283,0
178,1850,0.599339832506283,0
179,1860,0.599339832506283,0
180,1870,0.599339832506283,0
181,1880,0.599339832506283,0
182,1890,0.599339832506283,0
183,1900,0.599339832506283,0
184,1910,0.599339832506283,0
185,1920,0.599339832506283,0
186,1930,0.599339832506283,0
187,1940,0.599339832506283,0
188,1950,0.599339832506283,0
189,1960,0.599339832506283,0
190,1970,0.599339832506283,0
191,1980,0.599339832506283,0
192,1990,0.599339832506283,0
193,2000,0.599339832506283,0
194,2010,0.599339832506283,0
195,2020,0.599339832506283,0
196,2030,0.599339832506283,0
197,2040,0.599339832506283,0
198,2050,0.599339832506283,0
199,2060,0.599339832506283,0
200,2070,0.599339832506283,0
201,2080,0.599339832506283,0
202,2090,0.599339832506283,0
203,2100,0.599339832506283,0
204,2110,0.599339832506283,0
205,2120,0.599339832506283,0
206,2130,0.599339832506283,0
207,2140,0.599339832506283,0
208,2150,0.599339832506283,0
209,2160,0.599339832506283,0
210,2170,0.599339832506283,0
211,2180,0.599339832506283,0
212,2190,0.599339832506283,0
213,2200,0.599339832506283,0
214,2210,0.599339832506283,0
215,2220,0.599339832506283,0
216,2230,0.599339832506283,0
217,2240,0.599339832506283,0
218,2250,0.599339832506283,0
219,2260,0.599339832506283,0
220,2270,0.599339832506283,0
221,2280,0.599339832506283,0
222,2290,0.599339832506283,0
223,2300,0.599339832506283,0
224,2310,0.599339832506283,0
225,2320,0.599339832506283,0
226,2330,0.599339832506283,0
227,2340,0.599339832506283,0
228,2350,0.599339832506283,0
229,2360,0.599339832506283,0
230,2370,0.599339832506283,0
231,2379,0.599339832506283,0
232,2388,0.599339832506283,0
233,2397,0.599339832506283,0
234,2406,0.599339832506283,0
235,2415,0.599339832506283,0
236,2424,0.599339832506283,0
237,2433,0.599339832506283,0
238,2442,0.599339832506283,0
239,2451,0.599339832506283,0
240,2460,0.599339832506283,0
241,2469,0.599339832506283,0
242,2478,0.599339832506283,0
243,2487,0.599339832506283,0
244,2496,0.599339832506283,0
245,2505,0.599339832506283,0
246,2514,0.599339832506283,0
247,2523,0.599339832506283,0
248,2532,0.599339832506283,0
249,2541,0.599339832506283,0
250,2550,0.599339832506283,0
251,2559,0.599339832506283,0
252,2568,0.599339832506283,0
253,2577,0.599339832506283,0
254,2586,0.599339832506283,0
255,2595,0.599339832506283,0
256,2604,0.599339832506283,0
257,2613,0.599339832506283,0
258,2622,0.599339832506283,0
259,2631,0.599339832506283,0
260,2640,0.599339832506283,0
261,2649,0.599339832506283,0
262,2658,0.599339832506283,0
263,2667,0.599339832506283,0
264,2676,0.599339832506283,0
265,2685,0.599339832506283,0
266,2694,0.599339832506283,0
267,2703,0.599339832506283,0
268,2712,0.599339832506283,0
269,2721,0.599339832506283,0
270,2730,0.599339832506283,0
271,2739,0.599339832506283,0
272,2748,0.599339832506283,0
273,2757,0.599339832506283,0
274,2766,0.599339832506283,0
275,2775,0.599339832506283,0
276,2784,0.599339832506283,0
277,2793,0.599339832506283,0
278,2802,0.599339832506283,0
279,2811,0.599339832506283,0
280,2820,0.599339832506283,0
281,2829,0.599339832506283,0
282,2838,0.599339832506283,0
283,2847,0.599339832506283,0
284,2856,0.599339832506283,0
285,2865,0.599339832506283,0
286,2874,0.599339832506283,0
287,2883,0.599339832506283,0
288,2892,0.599339832506283,0
289,2901,0.599339832506283,0
290,2910,0.599339832506283,0
291,2919,0.599339832506283,0
292,2928,0.599339832506283,0
293,2937,0.599339832506283,0
294,2946,0.599339832506283,0
295,2955,0.599339832506283,0
296,2964,0.599339832506283,0
297,2973,0.599339832506283,0
298,2982,0.599339832506283,0
299,2991,0.599339832506283,0
300,3000,0.599339832506283,0
301,3009,0.599339832506283,0
302,3018,0.599339832506283,0
303,3027,0.599339832506283,0
304,3036,0.599339832506283,0
305,3045,0.599339832506283,0
306,3054,0.599339832506283,0
307,3063,0.599339832506283,0
308,3072,0.599339832506283,0
309,3081,0.599339832506283,0
310,3090,0.599339832506283,0
311,3099,0.599339832506283,0
312,3108,0.599339832506283,0
313,3117,0.599339832506283,0
314,3126,0.599339832506283,0
315,3135,0.599339832506283,0
316,3144,0.599339832506283,0
317,3153,0.599339832506283,0
318,3162,0.599339832506283,0
319,3171,0.599339832506283,0
320,3180,0.599339832506283,0
321,3189,0.599339832506283,0
322,3198,0.599339832506283,0
323,3207,0.599339832506283,0
324,3216,0.599339832506283,0
325,3225,0.599339832506283,0
326,3234,0.599339832506283,0
327,3243,0.599339832506283,0
328,3252,0.599339832506283,0
329,3261,0.599339832506283,0
330,3270,0.599339832506283,0
331,3279,0.599339832506283,0
332,3288,0.599339832506283,0
333,3297,0.599339832506283,0
334,3306,0.599339832506283,0
335,3315,0.599339832506283,0
336,3324,0.599339832506283,0
337,3333,0.599339832506283,0
338,3342,0.599339832506283,0
339,3351,0.599339832506283,0
340,3360,0.599339832506283,0
341,3369,0.599339832506283,0
342,3378,0.599339832506283,0
343,3387,0.599339832506283,0
344,3396,0.599339832506283,0
345,3405,0.599339832506283,0
346,3414,0.599339832506283,0
347,3423,0.599339832506283,0
348,3432,0.599339832506283,0
349,3441,0.599339832506283,0
350,3450,0.599339832506283,0
351,3459,0.599339832506283,0
352,3468,0.599339832506283,0
353,3477,0.599339832506283,0
354,3486,0.599339832506283,0
355,3495,0.599339832506283,0
356,3504,0.599339832506283,0
357,3513,0.599339832506283,0
358,3522,0.599339832506283,0
359,3531,0.599339832506283,0
360,3540,0.599339832506283,0
361,3549,0.599339832506283,0
362,3558,0.599339832506283,0
363,3567,0.599339832506283,0
364,3576,0.599339832506283,0
365,3585,0.599339832506283,0
366,3594,0.599339832506283,0
367,3603,0.599339832506283,0
368,3612,0.599339832506283,0
369,3621,0.599339832506283,0
370,3630,0.599339832506283,0
371,3639,0.599339832506283,0
372,3648,0.599339832506283,0
373,3657,0.599339832506283,0
374,3666,0.599339832506283,0
375,3675,0.599339832506283,0
376,3684,0.599339832506283,0
377,3693,0.599339832506283,0
378,3702,0.599339832506283,0
379,3711,0.599339832506283,0
380,3720,0.599339832506283,0
381,3729,0.599339832506283,0
382,3738,0.599339832506283,0
383,3747,0.599339832506283,0
384,3756,0.599339832506283,0
385,3765,0.599339832506283,0
386,3774,0.599339832506283,0
387,3783,0.599339832506283,0
388,3792,0.599339832506283,0
389,3801,0.599339832506283,0
390,3810,0.599339832506283,0
391,3819,0.599339832506283,0
392,3828,0.599339832506283,0
393,3837,0.599339832506283,0
394,3846,0.599339832506283,0
395,3855,0.599339832506283,0
396,3864,0.599339832506283,0
397,3873,0.599339832506283,0
398,3882,0.599339832506283,0
399,3890,0.599339832506283,0
400,3898,0.599339832506283,0
401,3906,0.599339832506283,0
402,3914,0.599339832506283,0
403,3922,0.599339832506283,0
404,3930,0.599339832506283,0
405,3938,0.599339832506283,0
406,3946,0.599339832506283,0
407,3954,0.599339832506283,0
408,3962,0.599339832506283,0
409,3970,0.599339832506283,0
410,3978,0.599339832506283,0
411,3986,0.599339832506283,0
412,3994,0.599339832506283,0
413,4002,0.599339832506283,0
414,4010,0.599339832506283,0
415,4018,0.599339832506283,0
416,4026,0.599339832506283,0
417,4034,0.599339832506283,0
418,4042,0.599339832506283,0
419,4050,0.599339832506283,0
420,4058,0.599339832506283,0
421,4066,0.599339832506283,0
422,4074,0.599339832506283,0
423,4082,0.599339832506283,0
424,4090,0.599339832506283,0
425,4098,0.599339832506283,0
426,4106,0.599339832506283,0
427,4114,0.599339832506283,0
428,4122,0.599339832506283,0
429,4130,0.599339832506283,0
430,4138,0.599339832506283,0
431,4146,0.599339832506283,0
432,4154,0.599339832506283,0
433,4162,0.599339832506283,0
434,4170,0.599339832506283,0
435,4178,0.599339832506283,0
436,4185,0.599339832506283,0
437,4192,0.599339832506283,0
438,4199,0.599339832506283,0
439,4206,0.599339832506283,0
440,4213,0.599339832506283,0
441,4220,0.599339832506283,0
442,4227,0.599339832506283,0
443,4234,0.599339832506283,0
444,4241,0.599339832506283,0
445,4248,0.599339832506283,0
446,4255,0.599339832506283,0
447,4262,0.599339832506283,0
448,4270,0.599339832506283,0
449,4278,0.599339832506283,0
450,4286,0.599339832506283,0
451,4294,0.599339832506283,0
452,4302,0.599339832506283,0
453,4310,0.599339832506283,0
454,4318,0.599339832506283,0
455,4326,0.599339832506283,0
456,4334,0.599339832506283,0
457,4342,0.599339832506283,0
458,4350,0.599339832506283,0
459,4358,0.599339832506283,0
460,4366,0.599339832506283,0
461,4374,0.599339832506283,0
462,4382,0.599339832506283,0
463,4390,0.599339832506283,0
464,4398,0.599339832506283,0
465,4406,0.599339832506283,0
466,4414,0.599339832506283,0
467,4422,0.599339832506283,0
468,4430,0.599339832506283,0
469,4438,0.599339832506283,0
470,4446,0.599339832506283,0
471,4454,0.599339832506283,0
472,4462,0.599339832506283,0
473,4470,0.599339832506283,0
474,4478,0.599339832506283,0
475,4486,0.599339832506283,0
476,4494,0.599339832506283,0
477,4502,0.599339832506283,0
478,4510,0.599339832506283,0
479,4518,0.599339832506283,0
480,4526,0.599339832506283,0
481,4534,0.599339832506283,0
482,4542,0.599339832506283,0
483,4550,0.599339832506283,0
484,4558,0.599339832506283,0
485,4566,0.599339832506283,0
486,4574,0.599339832506283,0
487,4582,0.599339832506283,0
488,4590,0.599339832506283,0
489,4598,0.599339832506283,0
490,4606,0.599339832506283,0
491,4614,0.599339832506283,0
492,4622,0.599339832506283,0
493,4630,0.599339832506283,0
494,4638,0.599339832506283,0
495,4646,0.599339832506283,0
496,4654,0.599339832506283,0
497,4662,0.599339832506283,0
498,4670,0.599339832506283,0
499,4678,0.599339832506283,0
500,4686,0.599339832506283,0
