time,total_household_assets,total_firm_assets,unemployment_rate,avg_goods_price,avg_wage,total_production,total_consumption,total_inventory
0,506714.8222429503,198972.69442170075,100.0,0.0,0.0,0.0,0.0,5967.863677934851
1,503972.5810423233,201714.93562232776,100.0,1.0,0.0,0.0,2742.241200627015,4460.191477496608
2,502470.7613797273,203216.75528492383,100.0,1.0,0.0,0.0,1501.819662596084,3683.902287705858
3,501325.1848387807,204362.3318258704,100.0,1.0,0.0,0.0,1145.576540946569,3029.337806917487
4,499400.604169364,206286.91249528705,100.0,2.940366972477064,0.0,0.0,838.387179285556,2843.0586674597034
5,497210.41758267634,208477.0990819748,100.0,3.4357798165137616,0.0,0.0,863.1387989853711,2615.7851417710253
6,496306.16096474894,209381.3556999021,100.0,1.0,0.0,0.0,904.2566179273886,2566.5350907720053
7,495324.1732545962,210363.3434100549,100.0,1.0,0.0,0.0,981.987710152777,1648.7646659002637
8,493692.6454027928,211994.87126185824,100.0,1.0,0.0,0.0,1631.5278518033083,1648.7646659002637
9,492289.6082534709,213397.90841118016,100.0,1.6710526315789471,0.0,0.0,1161.5903036838706,1616.2129618460308
10,490943.5230017952,214743.99366285585,100.0,1.75,0.0,0.0,1107.6238525797528,1563.2215398247183
11,490092.1714351074,215595.3452295437,100.0,3.671875,0.0,0.0,390.61028036378224,1515.394688331104
12,494261.3479950165,216687.3572924637,100.0,2.3770875961612044,0.0,0.0,506.8211748624949,1494.2065779642762
13,493557.6078934963,217391.09739398395,100.0,3.1213289354660647,0.0,0.0,244.5456385542876,1477.473049124735
14,492379.3463041004,218569.3589833799,100.0,3.9220472177362735,0.0,0.0,304.0160948686269,1470.5980968716171
15,489382.19365221856,221566.51163526165,100.0,5.670415225737914,0.0,0.0,522.1766027829136,1467.0678394252957
16,488645.7508092794,222302.95447820085,100.0,7.8034199893767004,0.0,0.0,97.17312994197052,1467.0678394252957
17,487282.16709607386,223666.5381914064,100.0,6.875565714401268,0.0,0.0,200.0,1461.7116159199336
18,485098.6210827699,225850.08420471035,100.0,7.879289613525719,0.0,0.0,276.4600196745937,1461.7116159199336
19,483945.54309682455,227003.16219065568,100.0,8.617381719096635,0.0,0.0,133.79974073954813,1461.7116159199336
20,481530.03686586494,229418.6684216153,100.0,8.949645591783085,0.0,0.0,269.7580565136071,1461.7116159199336
21,481022.86394260376,229925.8413448764,100.0,9.639251868369415,0.0,0.0,52.65281318719232,1461.7116159199336
22,440646.9055606974,270301.79972678283,100.0,10.217403961188378,0.0,0.0,3951.6846485934834,1378.589496660377
23,413248.23288463353,297700.4724028467,100.0,10.21234805511423,0.0,0.0,2681.8149985954487,1367.0234067606507
24,394671.2032786717,316277.50200880854,100.0,10.204722063452389,0.0,0.0,1818.699794089163,1342.3648202843408
25,380315.5752694892,330633.13001799106,100.0,10.198662240396276,0.0,0.0,1405.705129725221,1310.0326056531458
26,366904.65823171166,344044.0470557686,100.0,10.217403961188378,0.0,0.0,1312.5562118048783,1310.0326056531458
27,355039.41071242274,355909.2945750575,100.0,10.217403961188376,0.0,0.0,1161.2781059024392,1310.0326056531458
28,343946.9979523781,367001.7073351021,100.0,10.217403961188378,0.0,0.0,1085.6390529512196,1310.0326056531458
29,333478.3373020245,377470.3679854558,100.0,10.211632174608155,0.0,0.0,1024.7568506579928,1302.2404071808396
30,322885.93762514606,388062.7676623341,100.0,10.215480032328305,0.0,0.0,1036.756159219468,1299.6792251581717
31,312339.12750506453,398609.57778241567,100.0,10.217403961188378,0.0,0.0,1032.2397117843664,1299.6792251581717
32,301905.93344462366,409042.7718428566,100.0,10.217403961188378,0.0,0.0,1021.1198558921832,1299.6792251581717
33,291529.54741400306,419419.1578734772,100.0,10.217403961188378,0.0,0.0,1015.5599279460916,1299.6792251581717
34,281181.5653982927,429767.1398891876,100.0,10.217403961188378,0.0,0.0,1012.7799639730458,1299.6792251581717
35,270847.78539003734,440100.9198974429,100.0,10.217403961188378,0.0,0.0,1011.3899819865228,1299.6792251581717
36,260521.1063855095,450427.5989019707,100.0,10.217403961188378,0.0,0.0,1010.6949909932614,1299.6792251581717
37,250197.9778828455,460750.7274046348,100.0,10.217403961188378,0.0,0.0,1010.3474954966308,1299.6792251581717
38,239876.6246311133,471072.0806563669,100.0,10.217403961188378,0.0,0.0,1010.1737477483152,1299.6792251581717
39,229556.15900484717,481392.5462826331,100.0,10.217403961188376,0.0,0.0,1010.0868738741576,1299.6792251581717
40,219236.1371913139,491712.5680961664,100.0,10.217403961188378,0.0,0.0,1010.0434369370788,1299.6792251581717
41,208916.3372841472,502032.3680033331,100.0,10.217403961188378,0.0,0.0,1010.0217184685396,1299.6792251581717
42,198596.64833016365,512352.0569573166,100.0,10.217403961188378,0.0,0.0,1010.0108592342696,1299.6792251581717
43,188277.01485277177,522671.6904347085,100.0,10.217403961188378,0.0,0.0,1010.0054296171348,1299.6792251581717
44,177957.4091136757,532991.2961738046,100.0,10.217403961188378,0.0,0.0,1010.0027148085674,1299.6792251581717
45,167637.81724372754,543310.8880437526,100.0,10.217403961188378,0.0,0.0,1010.0013574042836,1299.6792251581717
46,157545.8690590225,553402.8362284577,98.01980198019804,10.217403961188378,11.004892219884407,4.0,989.8755111928134,1303.6792251581717
47,148163.07665080007,562785.6286366802,90.0990099009901,10.217403961188378,11.006173228270626,20.0,926.9323039418156,1321.6792251581717
48,142807.72019436775,568140.9850931126,87.12871287128714,10.496254691413592,11.005776697854996,26.0,513.3615699068167,1340.6792251581717
49,137636.22400489962,573312.4812825806,86.13861386138613,10.440921575700676,11.006493252459256,28.0,495.1787121954578,1339.9406405154089
50,132197.98769905898,578750.7175884213,86.13861386138613,10.4529176298185,0.0,28.0,519.4388670140773,1330.5379688495395
51,126877.53051688812,584071.1747705921,86.13861386138613,10.434737254055916,0.0,28.0,508.7930083147927,1313.9495292937534
52,121774.34511756536,600561.2311433926,84.15841584158416,10.412750800478424,11.006029462906447,32.0,490.65236873259295,1618.3113100787116
53,116906.13563335568,605429.4406276023,83.16831683168317,10.35439166054999,11.006098019419198,34.0,469.84263610429406,1608.0812352534265
54,111692.81006475564,610642.7661962023,80.19801980198021,10.155186095700252,11.005827219781002,40.0,516.5047996592839,1621.0812352534265
55,106622.20453306896,615713.3717278889,79.20792079207921,10.128780552214216,11.005430159647611,42.0,501.0675987914549,1587.1671943526244
56,101068.1535170925,621267.4227438654,77.22772277227723,10.142470334047529,11.0082685327603,46.0,549.253743169538,1560.136411085335
57,95998.44849546008,626337.1277654979,75.24752475247524,10.142678802512318,11.006052426386946,50.0,501.6290134691969,1567.1073963803776
58,90806.31951550822,631529.2567454497,75.24752475247524,10.151101518378592,0.0,50.0,511.3732336859814,1547.659928064547
59,85768.9368776167,636566.6393833412,73.26732673267327,10.141802506600657,11.005956847739183,54.0,498.5602953659662,1536.959091783628
60,80952.96720514893,641382.609055809,69.3069306930693,10.125744365596358,11.00620932671368,62.0,479.3072781375165,1505.0061025215591
61,75929.76923645767,646405.8070245002,64.35643564356435,10.152577107718384,11.005826047208329,72.0,500.0541893359601,1505.7873706507623
62,76124.32822076941,650877.251564109,59.80392156862745,10.15123020989558,11.006060695739055,82.0,445.8784314338328,1545.9238007426943
63,70923.3128043301,656078.2669805483,59.80392156862745,10.135029071281576,0.0,82.0,512.7297364722845,1530.3200349589526
64,65767.68356342232,661233.8962214561,57.84313725490197,10.147731618785894,11.00602271689145,86.0,510.0205553518946,1519.4893056740675
65,61352.95739918811,665648.6223856903,55.88235294117647,10.135908349614644,11.005587743599609,90.0,437.5076044433964,1520.920317580458
66,56996.67833015721,670004.9014547212,50.98039215686274,10.153193728176923,11.005710677089434,100.0,434.4014330516456,1557.2347862685235
67,53126.63512364854,673874.94466123,47.05882352941176,10.130018826754736,11.006041358218766,108.0,386.2129476691859,1565.4014291751612
68,48443.36372264897,678558.2160622295,46.07843137254902,10.14765694831219,11.00536683232162,110.0,462.4324212000295,1602.7400015706296
69,44486.848386197125,682514.7313986814,40.19607843137255,10.157666456379932,11.00615938696354,122.0,395.9915568888792,1674.3061141121173
70,40868.57809372989,686133.0016911486,36.27450980392157,10.15199724861981,11.00628345443303,130.0,360.77056151015,1703.0891436705945
71,42200.59686449164,689840.3407604345,35.92233009708738,10.146206599678084,11.005249290215184,132.0,366.4024732761312,1751.215201422598
72,38519.28235986378,693521.6552650623,33.00970873786408,10.141928213949416,11.00598647636476,138.0,366.0724104162,1800.5278691918063
73,35479.394100265934,696561.5435246602,24.271844660194176,10.153916439761147,11.005872708609685,156.0,309.1680206206676,1840.6150249544885
74,32197.718939452978,699843.2186854731,21.35922330097087,10.158536745946815,11.005535972908794,162.0,326.3113452633297,1911.0280045267227
75,29193.005335876405,702838.3900397879,20.792079207920796,10.15044264010024,11.006293603130578,164.0,296.2837116834108,2005.4297340114292
76,26550.404258783517,705480.9911168807,16.831683168316832,10.147052054261492,11.005690528939663,172.0,264.77501270826053,2094.495712883335
77,23707.63513690818,708286.3955493332,18.27956989247312,10.14956516809228,0.0,172.0,276.4810530337379,2170.059134987138
78,21587.911701864537,710392.8524556857,14.444444444444445,10.157142222063104,11.005551438694155,180.0,211.78608752057707,2232.8486196362305
79,19514.42565868864,712461.9335507408,11.235955056179774,10.15724412334033,11.00613291348654,186.0,206.9785870136199,2352.31126896368
80,17689.69817638229,714286.6610330472,7.865168539325842,10.15424257828036,11.005807822617646,192.0,183.0677798269907,2448.9409167572453
81,15867.167888141228,716109.1913212882,6.741573033707865,10.15903355544282,11.005511639151011,194.0,180.55506166349093,2546.035092403503
82,14445.90819114542,717521.2170248748,4.597701149425287,10.151947849361466,11.006403354351807,198.0,141.39298933827234,2678.5023915958586
83,12996.570699034275,718955.9040741001,3.571428571428571,10.16390864916692,11.005737151929456,200.0,142.24618091400484,2819.6838174298787
84,11813.946505569556,720134.2284799075,2.409638554216868,10.162071866833609,11.006167584816726,202.0,117.0667999666213,2962.3510642293386
85,10760.182741809656,721183.2569717221,2.4390243902439024,10.154046393201916,0.0,202.0,103.44427896086891,3094.661781696699
86,9883.861516091723,722047.1734845724,2.5316455696202533,10.141395506104145,0.0,202.0,85.27815572297142,3221.164356953395
87,14683.448424382705,722822.7218875209,3.79746835443038,10.13622416692538,0.0,202.0,76.54140904102304,3356.104558614301
88,13758.210821531044,723743.4639703817,3.8461538461538463,10.126491106406736,0.0,202.0,90.924099294205,3508.104558614301
89,13110.448014831443,724377.8015663646,4.0,10.114819831692962,0.0,202.0,62.71368215529848,3671.411700454463
90,12494.89245066296,724979.3418180518,4.166666666666666,10.103531396204245,0.0,202.0,59.53762383646768,3822.573149952803
91,12004.824573893296,725431.5555313411,4.6875,10.09070926884578,0.0,202.0,44.855850059554726,3985.116736347353
92,11564.817245419534,725867.3848964073,4.761904761904762,10.08029114763428,0.0,202.0,43.2286062390757,4143.888130108277
93,11217.355586486628,726206.6295696036,4.918032786885246,10.072105608311698,0.0,202.0,33.68160406462813,4312.206526043649
94,10878.667542133302,726536.1951115846,5.084745762711865,10.06081081081081,0.0,202.0,32.772629781684344,4485.33196385965
95,10577.039321204837,726828.9351425187,5.263157894736842,10.051746361711846,0.0,202.0,29.136980113359236,4661.170418206984
96,10285.725734761503,727092.7966593136,5.88235294117647,10.043001307259612,0.0,202.0,26.28502227149073,4836.885395935493
97,10016.253365939569,727352.9970208172,6.122448979591836,10.036603876160866,0.0,202.0,25.925140088641083,5012.960255846852
98,9782.344089524902,727573.9081388842,6.521739130434782,10.029047375096557,0.0,202.0,22.02712877950832,5192.933127067344
99,9513.166827353596,727818.0561171835,7.5,10.02209708691208,0.0,202.0,24.360967189005184,5370.572159878338
